Unnamed: 0,Unnamed: 1,Unnamed: 2,Unnamed: 3,Unnamed: 4,Unnamed: 5,Forecast Summary Report - All Guest/Segment Types,Unnamed: 7,Unnamed: 8,Unnamed: 9,Unnamed: 10,Unnamed: 11,Unnamed: 12,Unnamed: 13,Unnamed: 14,Unnamed: 15,Unnamed: 16,Unnamed: 17,Unnamed: 18,Unnamed: 19,Unnamed: 20,Unnamed: 21,Unnamed: 22,Unnamed: 23,Unnamed: 24,Unnamed: 25,Unnamed: 26,Unnamed: 27,Unnamed: 28,Unnamed: 29,Unnamed: 30,Unnamed: 31,Unnamed: 32,Unnamed: 33,Unnamed: 34,Unnamed: 35,Unnamed: 36,Unnamed: 37,Unnamed: 38,Unnamed: 39,Unnamed: 40,Unnamed: 41,Unnamed: 42,Unnamed: 43,Unnamed: 44,Unnamed: 45,Unnamed: 46,Unnamed: 47,Unnamed: 48
,The Stamford Hotel,,,,,,,,,,,,,,,,,,,,,,,,,,,,,,,,,,,,,,,,,,,,,,Page:  1 of 9,
,System Date:  06/07/2024,,,,,,,,,,,,,,,,,,,,,,05/28/2024 Through 06/07/2025,,,,,,,,,,,,,,,,,,,,,,,,,Generated on:  06/07/2024 05:13 AM
,,,,,,,,,,,,,,,,,,,,,,,,,,,,,,,,,,,,,,,,,,,,,,,,
,,,|------------------------------------------Rooms------------------------------------------|,,,,,,,,,,,,,,,,,,,,,,,,,|----------------------------------------------Revenues---------------------------------------------|,,,,,,,,,,,,,,,,|---------Date Range Totals---------|,,,,
,Date,,,,,,Whls,,,Trans,,,,Group,,,Comps,,,Occupied,,,Off Mk,,Occ%,,,Wholesale,,,,Individual,,,Group,,,,Total,,Avg.Rate (Sold),,,,Revenue,,Average Rate,
,2024-05-28 00:00:00,,,,,,0,,,59,,,,34,,,6,,,99,,,145,,31.1,,,0,,,,7632.89,,,4002,,,,11634.89,,117.52,,,,11634.89,,117.52,
,2024-05-29 00:00:00,,,,,,0,,,55,,,,31,,,6,,,92,,,92,,28.9,,,0,,,,7216.3,,,3627,,,,10843.3,,117.86,,,,22478.19,,117.69,
,2024-05-30 00:00:00,,,,,,0,,,44,,,,33,,,6,,,83,,,60,,26.1,,,0,,,,5494.81,,,4041,,,,9535.81,,114.89,,,,32014,,116.84,
,2024-05-31 00:00:00,,,,,,0,,,99,,,,45,,,6,,,150,,,48,,47.2,,,0,,,,15254.91,,,5655,,,,20909.91,,139.4,,,,52923.91,,124.82,
,,"May, 2024",,,,,0,,,257,,,,143,,,24,,,424,,,345,,33.3,,,,0.0,,,"35,598.91",,,"17,325.00",,,,"52,923.91",,124.82,,,,"52,923.91",,124.82,
,2024-06-01 00:00:00,,,,,,0,,,137,,,,35,,,7,,,179,,,53,,56.3,,,0,,,,22268.24,,,4681,,,,26949.24,,150.55,,,,79873.15,,132.46,
,2024-06-02 00:00:00,,,,,,0,,,49,,,,38,,,7,,,94,,,112,,29.6,,,0,,,,7366.44,,,4806,,,,12172.44,,129.49,,,,92045.59,,132.06,
,2024-06-03 00:00:00,,,,,,0,,,57,,,,42,,,8,,,107,,,63,,33.6,,,0,,,,8400.27,,,5534,,,,13934.27,,130.23,,,,105979.86,,131.82,
,2024-06-04 00:00:00,,,,,,0,,,121,,,,65,,,23,,,209,,,41,,65.7,,,0,,,,19619.12,,,9283.1,,,,28902.22,,138.29,,,,134882.08,,133.15,
,2024-06-05 00:00:00,,,,,,0,,,131,,,,82,,,9,,,222,,,35,,70,,,0,,,,21677.5,,,14819.3,,,,36496.8,,164.4,,,,171378.88,,138.77,
,2024-06-06 00:00:00,,,,,,0,,,69,,,,42,,,9,,,120,,,107,,37.9,,,0,,,,8932.65,,,5857.1,,,,14789.75,,123.25,,,,186168.63,,137.39,
,2024-06-07 00:00:00,,,,,,0,,,98,,,,31,,,19,,,148,,,25,,46.7,,,0,,,,14902.42,,,3792,,,,18694.42,,126.31,,,,204863.05,,136.3,
,2024-06-08 00:00:00,,,,,,0,,,107,,,,28,,,8,,,143,,,25,,45.1,,,0,,,,16006.3,,,3372,,,,19378.3,,135.51,,,,224241.35,,136.23,
,2024-06-09 00:00:00,,,,,,0,,,43,,,,32,,,7,,,82,,,25,,25.9,,,0,,,,5825.6,,,3792,,,,9617.6,,117.29,,,,233858.95,,135.34,
,2024-06-10 00:00:00,,,,,,0,,,50,,,,15,,,7,,,72,,,25,,22.7,,,0,,,,6984.47,,,2385,,,,9369.47,,130.13,,,,243228.42,,135.13,
,2024-06-11 00:00:00,,,,,,0,,,65,,,,69,,,7,,,141,,,25,,44.5,,,0,,,,9456.13,,,9675,,,,19131.13,,135.68,,,,262359.55,,135.17,
,2024-06-12 00:00:00,,,,,,0,,,66,,,,40,,,6,,,112,,,23,,35.3,,,0,,,,10326.15,,,5064,,,,15390.15,,137.41,,,,277749.7,,135.29,
,2024-06-13 00:00:00,,,,,,0,,,47,,,,32,,,6,,,85,,,23,,26.8,,,0,,,,7151.02,,,3792,,,,10943.02,,128.74,,,,288692.72,,135.03,
,2024-06-14 00:00:00,,,,,,0,,,67,,,,32,,,6,,,105,,,22,,33.1,,,0,,,,11899.52,,,3792,,,,15691.52,,149.44,,,,304384.24,,135.7,
,2024-06-15 00:00:00,,,,,,0,,,79,,,,28,,,6,,,113,,,22,,35.6,,,0,,,,13856.09,,,3372,,,,17228.09,,152.46,,,,321612.33,,136.51,
,2024-06-16 00:00:00,,,,,,0,,,25,,,,52,,,8,,,85,,,22,,26.8,,,0,,,,2902.78,,,6213,,,,9115.78,,107.24,,,,330728.11,,135.49,
,2024-06-17 00:00:00,,,,,,0,,,24,,,,32,,,7,,,63,,,22,,19.9,,,0,,,,2914.8,,,3633,,,,6547.8,,103.93,,,,337275.91,,134.69,
,2024-06-18 00:00:00,,,,,,0,,,30,,,,32,,,7,,,69,,,22,,21.8,,,0,,,,3872.14,,,3633,,,,7505.14,,108.77,,,,344781.05,,134,
,2024-06-19 00:00:00,,,,,,0,,,34,,,,32,,,7,,,73,,,22,,23,,,0,,,,4482.5,,,3633,,,,8115.5,,111.17,,,,352896.55,,133.37,
,2024-06-20 00:00:00,,,,,,0,,,35,,,,32,,,7,,,74,,,22,,23.3,,,0,,,,4508.79,,,3633,,,,8141.79,,110.02,,,,361038.34,,132.73,
,2024-06-21 00:00:00,,,,,,0,,,43,,,,32,,,5,,,80,,,22,,25.2,,,0,,,,6294.44,,,3633,,,,9927.44,,124.09,,,,370965.78,,132.49,
,2024-06-22 00:00:00,,,,,,0,,,37,,,,28,,,5,,,70,,,22,,22.1,,,0,,,,5388.67,,,3213,,,,8601.67,,122.88,,,,379567.45,,132.25,
,2024-06-23 00:00:00,,,,,,0,,,20,,,,32,,,5,,,57,,,22,,18,,,0,,,,2221.82,,,3633,,,,5854.82,,102.72,,,,385422.27,,131.68,
,2024-06-24 00:00:00,,,,,,0,,,25,,,,32,,,5,,,62,,,22,,19.6,,,0,,,,2811.97,,,3633,,,,6444.97,,103.95,,,,391867.24,,131.1,
,2024-06-25 00:00:00,,,,,,0,,,28,,,,44,,,5,,,77,,,22,,24.3,,,0,,,,3600.2,,,5661,,,,9261.2,,120.28,,,,401128.44,,130.83,
,2024-06-26 00:00:00,,,,,,0,,,19,,,,59,,,5,,,83,,,22,,26.2,,,0,,,,2194.35,,,8196,,,,10390.35,,125.18,,,,411518.79,,130.68,
,2024-06-27 00:00:00,,,,,,0,,,24,,,,73,,,5,,,102,,,20,,32.2,,,0,,,,2862.93,,,10302,,,,13164.93,,129.07,,,,424683.72,,130.63,
,2024-06-28 00:00:00,,,,,,0,,,27,,,,97,,,5,,,129,,,20,,40.7,,,0,,,,3794.71,,,14052,,,,17846.71,,138.35,,,,442530.43,,130.93,
,2024-06-29 00:00:00,,,,,,0,,,35,,,,82,,,5,,,122,,,20,,38.5,,,0,,,,5521.13,,,11742,,,,17263.13,,141.5,,,,459793.56,,131.29,
,2024-06-30 00:00:00,,,,,,0,,,15,,,,54,,,4,,,73,,,20,,23,,,0,,,,1590.58,,,7290,,,,8880.58,,121.65,,,,468674.14,,131.1,
,,"Jun, 2024",,,,,0,,,1607,,,,1324,,,220,,,3151,,,948,,33.1,,,,0.0,,,"239,633.73",,,"176,116.50",,,,"415,750.23",,131.94,,,,"468,674.14",,131.10,
,2024-07-01 00:00:00,,,,,,0,,,7,,,,0,,,4,,,11,,,19,,3.5,,,0,,,,497.49,,,0,,,,497.49,,45.23,,,,469171.63,,130.83,
,2024-07-02 00:00:00,,,,,,0,,,7,,,,0,,,4,,,11,,,18,,3.5,,,0,,,,591.49,,,0,,,,591.49,,53.77,,,,469763.12,,130.6,
,2024-07-03 00:00:00,,,,,,0,,,16,,,,0,,,4,,,20,,,17,,6.3,,,0,,,,2168.9,,,0,,,,2168.9,,108.44,,,,471932.02,,130.48,
,2024-07-04 00:00:00,,,,,,0,,,13,,,,10,,,4,,,27,,,17,,8.5,,,0,,,,1419.27,,,1890,,,,3309.27,,122.57,,,,475241.29,,130.42,
,2024-07-05 00:00:00,,,,,,0,,,16,,,,25,,,4,,,45,,,17,,14.2,,,0,,,,2843.35,,,4725,,,,7568.35,,168.19,,,,482809.64,,130.88,
,2024-07-06 00:00:00,,,,,,0,,,18,,,,28,,,4,,,50,,,17,,15.8,,,0,,,,3495.53,,,5292,,,,8787.53,,175.75,,,,491597.17,,131.48,
,2024-07-07 00:00:00,,,,,,0,,,8,,,,0,,,4,,,12,,,17,,3.8,,,0,,,,832.76,,,0,,,,832.76,,69.4,,,,492429.93,,131.28,
,2024-07-08 00:00:00,,,,,,0,,,11,,,,0,,,4,,,15,,,17,,4.7,,,0,,,,1367.13,,,0,,,,1367.13,,91.14,,,,493797.06,,131.12,
,2024-07-09 00:00:00,,,,,,0,,,7,,,,0,,,4,,,11,,,17,,3.5,,,0,,,,782.07,,,0,,,,782.07,,71.1,,,,494579.13,,130.94,
,2024-07-10 00:00:00,,,,,,0,,,13,,,,0,,,4,,,17,,,17,,5.4,,,0,,,,1733.91,,,0,,,,1733.91,,101.99,,,,496313.04,,130.82,
,,,,,,Forecast Summary Report - All Guest/Segment Types,,,,,,,,,,,,,,,,,,,,,,,,,,,,,,,,,,,,,,,,,,
,The Stamford Hotel,,,,,,,,,,,,,,,,,,,,,,,,,,,,,,,,,,,,,,,,,,,,,,Page:  2 of 9,
,System Date:  06/07/2024,,,,,,,,,,,,,,,,,,,,,,05/28/2024 Through 06/07/2025,,,,,,,,,,,,,,,,,,,,,,,,,Generated on:  06/07/2024 05:13 AM
,,,,,,,,,,,,,,,,,,,,,,,,,,,,,,,,,,,,,,,,,,,,,,,,
,,,|------------------------------------------Rooms------------------------------------------|,,,,,,,,,,,,,,,,,,,,,,,,,|----------------------------------------------Revenues---------------------------------------------|,,,,,,,,,,,,,,,,|---------Date Range Totals---------|,,,,
,Date,,,,,,Whls,,,Trans,,,,Group,,,Comps,,,Occupied,,,Off Mk,,Occ%,,,Wholesale,,,,Individual,,,Group,,,,Total,,Avg.Rate (Sold),,,,Revenue,,Average Rate,
,2024-07-11 00:00:00,,,,,,0,,,13,,,,0,,,4,,,17,,,17,,5.4,,,0,,,,1670.58,,,0,,,,1670.58,,98.27,,,,497983.62,,130.67,
,2024-07-12 00:00:00,,,,,,0,,,17,,,,0,,,4,,,21,,,17,,6.6,,,0,,,,2424.15,,,0,,,,2424.15,,115.44,,,,500407.77,,130.59,
,2024-07-13 00:00:00,,,,,,0,,,20,,,,20,,,4,,,44,,,17,,13.9,,,0,,,,3513.4,,,3180,,,,6693.4,,152.12,,,,507101.17,,130.83,
,2024-07-14 00:00:00,,,,,,0,,,9,,,,20,,,4,,,33,,,17,,10.4,,,0,,,,1017.13,,,3180,,,,4197.13,,127.19,,,,511298.3,,130.8,
,2024-07-15 00:00:00,,,,,,0,,,10,,,,20,,,4,,,34,,,17,,10.7,,,0,,,,1127.02,,,3180,,,,4307.02,,126.68,,,,515605.32,,130.76,
,2024-07-16 00:00:00,,,,,,0,,,9,,,,25,,,4,,,38,,,17,,12,,,0,,,,1083.75,,,4125,,,,5208.75,,137.07,,,,520814.07,,130.82,
,2024-07-17 00:00:00,,,,,,0,,,16,,,,25,,,5,,,46,,,17,,14.5,,,0,,,,2117.8,,,4125,,,,6242.8,,135.71,,,,527056.87,,130.88,
,2024-07-18 00:00:00,,,,,,0,,,9,,,,50,,,4,,,63,,,17,,19.9,,,0,,,,1193.37,,,8850,,,,10043.37,,159.42,,,,537100.24,,131.32,
,2024-07-19 00:00:00,,,,,,0,,,11,,,,50,,,4,,,65,,,17,,20.5,,,0,,,,1625.42,,,8850,,,,10475.42,,161.16,,,,547575.66,,131.79,
,2024-07-20 00:00:00,,,,,,0,,,16,,,,30,,,4,,,50,,,17,,15.8,,,0,,,,2575.52,,,5670,,,,8245.52,,164.91,,,,555821.18,,132.18,
,2024-07-21 00:00:00,,,,,,0,,,10,,,,0,,,4,,,14,,,17,,4.4,,,0,,,,1292.02,,,0,,,,1292.02,,92.29,,,,557113.2,,132.05,
,2024-07-22 00:00:00,,,,,,0,,,8,,,,0,,,4,,,12,,,17,,3.8,,,0,,,,941.48,,,0,,,,941.48,,78.46,,,,558054.68,,131.9,
,2024-07-23 00:00:00,,,,,,0,,,8,,,,0,,,4,,,12,,,17,,3.8,,,0,,,,1162.76,,,0,,,,1162.76,,96.9,,,,559217.44,,131.8,
,2024-07-24 00:00:00,,,,,,0,,,13,,,,0,,,4,,,17,,,17,,5.4,,,0,,,,2120.75,,,0,,,,2120.75,,124.75,,,,561338.19,,131.77,
,2024-07-25 00:00:00,,,,,,0,,,11,,,,0,,,4,,,15,,,17,,4.7,,,0,,,,1687.43,,,0,,,,1687.43,,112.5,,,,563025.62,,131.7,
,2024-07-26 00:00:00,,,,,,0,,,17,,,,0,,,4,,,21,,,17,,6.6,,,0,,,,2639.71,,,0,,,,2639.71,,125.7,,,,565665.33,,131.67,
,2024-07-27 00:00:00,,,,,,0,,,16,,,,0,,,4,,,20,,,17,,6.3,,,0,,,,2735.84,,,0,,,,2735.84,,136.79,,,,568401.17,,131.7,
,2024-07-28 00:00:00,,,,,,0,,,9,,,,0,,,4,,,13,,,17,,4.1,,,0,,,,1293.13,,,0,,,,1293.13,,99.47,,,,569694.3,,131.6,
,2024-07-29 00:00:00,,,,,,0,,,11,,,,0,,,4,,,15,,,17,,4.7,,,0,,,,1551.44,,,0,,,,1551.44,,103.43,,,,571245.74,,131.5,
,2024-07-30 00:00:00,,,,,,0,,,8,,,,0,,,4,,,12,,,17,,3.8,,,0,,,,1043.44,,,0,,,,1043.44,,86.95,,,,572289.18,,131.38,
,2024-07-31 00:00:00,,,,,,0,,,14,,,,0,,,3,,,17,,,17,,5.4,,,0,,,,1806.6,,,0,,,,1806.6,,106.27,,,,574095.78,,131.28,
,,"Jul, 2024",,,,,0,,,371,,,,303,,,124,,,798,,,530,,8.1,,,,0.0,,,"52,354.64",,,"53,067.00",,,,"105,421.64",,132.11,,,,"574,095.78",,131.28,
,2024-08-01 00:00:00,,,,,,0,,,9,,,,0,,,3,,,12,,,16,,3.8,,,0,,,,1279.54,,,0,,,,1279.54,,106.63,,,,575375.32,,131.21,
,2024-08-02 00:00:00,,,,,,0,,,18,,,,10,,,3,,,31,,,16,,9.8,,,0,,,,3294.08,,,1790,,,,5084.08,,164,,,,580459.4,,131.44,
,2024-08-03 00:00:00,,,,,,0,,,22,,,,10,,,3,,,35,,,16,,11,,,0,,,,4564.11,,,1790,,,,6354.11,,181.55,,,,586813.51,,131.84,
,2024-08-04 00:00:00,,,,,,0,,,6,,,,0,,,3,,,9,,,16,,2.8,,,0,,,,785.91,,,0,,,,785.91,,87.32,,,,587599.42,,131.75,
,2024-08-05 00:00:00,,,,,,0,,,7,,,,0,,,3,,,10,,,16,,3.2,,,0,,,,1018.04,,,0,,,,1018.04,,101.8,,,,588617.46,,131.68,
,2024-08-06 00:00:00,,,,,,0,,,6,,,,0,,,3,,,9,,,16,,2.8,,,0,,,,876.78,,,0,,,,876.78,,97.42,,,,589494.24,,131.61,
,2024-08-07 00:00:00,,,,,,0,,,5,,,,0,,,3,,,8,,,16,,2.5,,,0,,,,730.48,,,0,,,,730.48,,91.31,,,,590224.72,,131.54,
,2024-08-08 00:00:00,,,,,,0,,,9,,,,0,,,3,,,12,,,16,,3.8,,,0,,,,1284.55,,,0,,,,1284.55,,107.05,,,,591509.27,,131.48,
,2024-08-09 00:00:00,,,,,,0,,,7,,,,0,,,3,,,10,,,16,,3.2,,,0,,,,1056.63,,,0,,,,1056.63,,105.66,,,,592565.9,,131.42,
,2024-08-10 00:00:00,,,,,,0,,,7,,,,0,,,3,,,10,,,16,,3.2,,,0,,,,1310.03,,,0,,,,1310.03,,131,,,,593875.93,,131.42,
,2024-08-11 00:00:00,,,,,,0,,,4,,,,0,,,3,,,7,,,16,,2.2,,,0,,,,616.38,,,0,,,,616.38,,88.05,,,,594492.31,,131.35,
,2024-08-12 00:00:00,,,,,,0,,,7,,,,0,,,3,,,10,,,16,,3.2,,,0,,,,1047.56,,,0,,,,1047.56,,104.76,,,,595539.87,,131.29,
,2024-08-13 00:00:00,,,,,,0,,,8,,,,0,,,3,,,11,,,16,,3.5,,,0,,,,1262.47,,,0,,,,1262.47,,114.77,,,,596802.34,,131.25,
,2024-08-14 00:00:00,,,,,,0,,,6,,,,0,,,3,,,9,,,16,,2.8,,,0,,,,959.49,,,0,,,,959.49,,106.61,,,,597761.83,,131.2,
,2024-08-15 00:00:00,,,,,,0,,,14,,,,0,,,3,,,17,,,16,,5.4,,,0,,,,1970.51,,,0,,,,1970.51,,115.91,,,,599732.34,,131.15,
,2024-08-16 00:00:00,,,,,,0,,,19,,,,0,,,3,,,22,,,16,,6.9,,,0,,,,3213.84,,,0,,,,3213.84,,146.08,,,,602946.18,,131.22,
,2024-08-17 00:00:00,,,,,,0,,,18,,,,0,,,3,,,21,,,16,,6.6,,,0,,,,3342.07,,,0,,,,3342.07,,159.15,,,,606288.25,,131.34,
,2024-08-18 00:00:00,,,,,,0,,,5,,,,0,,,3,,,8,,,16,,2.5,,,0,,,,730.7,,,0,,,,730.7,,91.34,,,,607018.95,,131.28,
,2024-08-19 00:00:00,,,,,,0,,,4,,,,0,,,3,,,7,,,16,,2.2,,,0,,,,649.94,,,0,,,,649.94,,92.85,,,,607668.89,,131.22,
,2024-08-20 00:00:00,,,,,,0,,,4,,,,0,,,3,,,7,,,16,,2.2,,,0,,,,649.94,,,0,,,,649.94,,92.85,,,,608318.83,,131.16,
,2024-08-21 00:00:00,,,,,,0,,,6,,,,0,,,3,,,9,,,16,,2.8,,,0,,,,958.26,,,0,,,,958.26,,106.47,,,,609277.09,,131.11,
,2024-08-22 00:00:00,,,,,,0,,,4,,,,0,,,3,,,7,,,16,,2.2,,,0,,,,540.39,,,0,,,,540.39,,77.2,,,,609817.48,,131.03,
,2024-08-23 00:00:00,,,,,,0,,,6,,,,0,,,3,,,9,,,16,,2.8,,,0,,,,981.72,,,0,,,,981.72,,109.08,,,,610799.2,,130.99,
,2024-08-24 00:00:00,,,,,,0,,,3,,,,0,,,3,,,6,,,16,,1.9,,,0,,,,540.23,,,0,,,,540.23,,90.04,,,,611339.43,,130.94,
,,,,,,Forecast Summary Report - All Guest/Segment Types,,,,,,,,,,,,,,,,,,,,,,,,,,,,,,,,,,,,,,,,,,
,The Stamford Hotel,,,,,,,,,,,,,,,,,,,,,,,,,,,,,,,,,,,,,,,,,,,,,,Page:  3 of 9,
,System Date:  06/07/2024,,,,,,,,,,,,,,,,,,,,,,05/28/2024 Through 06/07/2025,,,,,,,,,,,,,,,,,,,,,,,,,Generated on:  06/07/2024 05:13 AM
,,,,,,,,,,,,,,,,,,,,,,,,,,,,,,,,,,,,,,,,,,,,,,,,
,,,|------------------------------------------Rooms------------------------------------------|,,,,,,,,,,,,,,,,,,,,,,,,,|----------------------------------------------Revenues---------------------------------------------|,,,,,,,,,,,,,,,,|---------Date Range Totals---------|,,,,
,Date,,,,,,Whls,,,Trans,,,,Group,,,Comps,,,Occupied,,,Off Mk,,Occ%,,,Wholesale,,,,Individual,,,Group,,,,Total,,Avg.Rate (Sold),,,,Revenue,,Average Rate,
,2024-08-25 00:00:00,,,,,,0,,,4,,,,0,,,3,,,7,,,16,,2.2,,,0,,,,563.23,,,0,,,,563.23,,80.46,,,,611902.66,,130.86,
,2024-08-26 00:00:00,,,,,,0,,,3,,,,0,,,3,,,6,,,16,,1.9,,,0,,,,423.6,,,0,,,,423.6,,70.6,,,,612326.26,,130.78,
,2024-08-27 00:00:00,,,,,,0,,,1,,,,0,,,3,,,4,,,16,,1.3,,,0,,,,159.2,,,0,,,,159.2,,39.8,,,,612485.46,,130.71,
,2024-08-28 00:00:00,,,,,,0,,,0,,,,0,,,3,,,3,,,16,,0.9,,,0,,,,0,,,0,,,,0,,0,,,,612485.46,,130.62,
,2024-08-29 00:00:00,,,,,,0,,,0,,,,0,,,3,,,3,,,15,,0.9,,,0,,,,0,,,0,,,,0,,0,,,,612485.46,,130.54,
,2024-08-30 00:00:00,,,,,,0,,,1,,,,0,,,3,,,4,,,15,,1.3,,,0,,,,174.3,,,0,,,,174.3,,43.58,,,,612659.76,,130.46,
,2024-08-31 00:00:00,,,,,,0,,,7,,,,0,,,3,,,10,,,15,,3.2,,,0,,,,1270.26,,,0,,,,1270.26,,127.03,,,,613930.02,,130.46,
,,"Aug, 2024",,,,,0,,,220,,,,20,,,93,,,333,,,493,,3.4,,,,0.0,,,"36,254.24",,,"3,580.00",,,,"39,834.24",,119.62,,,,"613,930.02",,130.46,
,2024-09-01 00:00:00,,,,,,0,,,8,,,,0,,,3,,,11,,,15,,3.5,,,0,,,,1255.5,,,0,,,,1255.5,,114.14,,,,615185.52,,130.42,
,2024-09-02 00:00:00,,,,,,0,,,2,,,,0,,,3,,,5,,,15,,1.6,,,0,,,,318.4,,,0,,,,318.4,,63.68,,,,615503.92,,130.35,
,2024-09-03 00:00:00,,,,,,0,,,0,,,,0,,,3,,,3,,,15,,0.9,,,0,,,,0,,,0,,,,0,,0,,,,615503.92,,130.27,
,2024-09-04 00:00:00,,,,,,0,,,0,,,,0,,,3,,,3,,,15,,0.9,,,0,,,,0,,,0,,,,0,,0,,,,615503.92,,130.18,
,2024-09-05 00:00:00,,,,,,0,,,1,,,,0,,,3,,,4,,,15,,1.3,,,0,,,,167.3,,,0,,,,167.3,,41.82,,,,615671.22,,130.11,
,2024-09-06 00:00:00,,,,,,0,,,0,,,,0,,,3,,,3,,,15,,0.9,,,0,,,,0,,,0,,,,0,,0,,,,615671.22,,130.03,
,2024-09-07 00:00:00,,,,,,0,,,0,,,,0,,,3,,,3,,,15,,0.9,,,0,,,,0,,,0,,,,0,,0,,,,615671.22,,129.94,
,2024-09-08 00:00:00,,,,,,0,,,0,,,,0,,,3,,,3,,,15,,0.9,,,0,,,,0,,,0,,,,0,,0,,,,615671.22,,129.86,
,2024-09-09 00:00:00,,,,,,0,,,1,,,,0,,,3,,,4,,,15,,1.3,,,0,,,,183.2,,,0,,,,183.2,,45.8,,,,615854.42,,129.79,
,2024-09-10 00:00:00,,,,,,0,,,1,,,,0,,,3,,,4,,,15,,1.3,,,0,,,,140.82,,,0,,,,140.82,,35.2,,,,615995.24,,129.71,
,2024-09-11 00:00:00,,,,,,0,,,4,,,,0,,,3,,,7,,,15,,2.2,,,0,,,,519.47,,,0,,,,519.47,,74.21,,,,616514.71,,129.63,
,2024-09-12 00:00:00,,,,,,0,,,8,,,,0,,,3,,,11,,,15,,3.5,,,0,,,,1287.47,,,0,,,,1287.47,,117.04,,,,617802.18,,129.6,
,2024-09-13 00:00:00,,,,,,0,,,8,,,,20,,,3,,,31,,,15,,9.8,,,0,,,,1356.53,,,1780,,,,3136.53,,101.18,,,,620938.71,,129.42,
,2024-09-14 00:00:00,,,,,,0,,,8,,,,20,,,3,,,31,,,15,,9.8,,,0,,,,1426.94,,,1780,,,,3206.94,,103.45,,,,624145.65,,129.25,
,2024-09-15 00:00:00,,,,,,0,,,1,,,,0,,,3,,,4,,,15,,1.3,,,0,,,,339,,,0,,,,339,,84.75,,,,624484.65,,129.21,
,2024-09-16 00:00:00,,,,,,0,,,2,,,,0,,,3,,,5,,,15,,1.6,,,0,,,,526.1,,,0,,,,526.1,,105.22,,,,625010.75,,129.19,
,2024-09-17 00:00:00,,,,,,0,,,3,,,,0,,,3,,,6,,,15,,1.9,,,0,,,,709.3,,,0,,,,709.3,,118.22,,,,625720.05,,129.17,
,2024-09-18 00:00:00,,,,,,0,,,2,,,,0,,,3,,,5,,,15,,1.6,,,0,,,,526.1,,,0,,,,526.1,,105.22,,,,626246.15,,129.15,
,2024-09-19 00:00:00,,,,,,0,,,3,,,,0,,,3,,,6,,,15,,1.9,,,0,,,,631.76,,,0,,,,631.76,,105.29,,,,626877.91,,129.12,
,2024-09-20 00:00:00,,,,,,0,,,2,,,,0,,,3,,,5,,,15,,1.6,,,0,,,,329.67,,,0,,,,329.67,,65.93,,,,627207.58,,129.06,
,2024-09-21 00:00:00,,,,,,0,,,2,,,,0,,,3,,,5,,,15,,1.6,,,0,,,,406.1,,,0,,,,406.1,,81.22,,,,627613.68,,129.01,
,2024-09-22 00:00:00,,,,,,0,,,1,,,,0,,,3,,,4,,,15,,1.3,,,0,,,,164,,,0,,,,164,,41,,,,627777.68,,128.93,
,2024-09-23 00:00:00,,,,,,0,,,3,,,,35,,,3,,,41,,,15,,12.9,,,0,,,,583.95,,,6265,,,,6848.95,,167.05,,,,634626.63,,129.25,
,2024-09-24 00:00:00,,,,,,0,,,0,,,,35,,,3,,,38,,,15,,12,,,0,,,,0,,,6265,,,,6265,,164.87,,,,640891.63,,129.53,
,2024-09-25 00:00:00,,,,,,0,,,0,,,,35,,,3,,,38,,,15,,12,,,0,,,,0,,,6265,,,,6265,,164.87,,,,647156.63,,129.79,
,2024-09-26 00:00:00,,,,,,0,,,0,,,,0,,,3,,,3,,,15,,0.9,,,0,,,,0,,,0,,,,0,,0,,,,647156.63,,129.72,
,2024-09-27 00:00:00,,,,,,0,,,1,,,,0,,,3,,,4,,,15,,1.3,,,0,,,,194,,,0,,,,194,,48.5,,,,647350.63,,129.65,
,2024-09-28 00:00:00,,,,,,0,,,5,,,,0,,,3,,,8,,,15,,2.5,,,0,,,,1033.04,,,0,,,,1033.04,,129.13,,,,648383.67,,129.65,
,2024-09-29 00:00:00,,,,,,0,,,1,,,,0,,,3,,,4,,,15,,1.3,,,0,,,,179,,,0,,,,179,,44.75,,,,648562.67,,129.58,
,2024-09-30 00:00:00,,,,,,0,,,0,,,,0,,,3,,,3,,,15,,0.9,,,0,,,,0,,,0,,,,0,,0,,,,648562.67,,129.51,
,,"Sep, 2024",,,,,0,,,67,,,,145,,,90,,,302,,,450,,3.2,,,,0.0,,,"12,277.65",,,"22,355.00",,,,"34,632.65",,114.68,,,,"648,562.67",,129.51,
,2024-10-01 00:00:00,,,,,,0,,,2,,,,0,,,3,,,5,,,15,,1.6,,,0,,,,392.99,,,0,,,,392.99,,78.6,,,,648955.66,,129.45,
,2024-10-02 00:00:00,,,,,,0,,,2,,,,0,,,3,,,5,,,15,,1.6,,,0,,,,392.99,,,0,,,,392.99,,78.6,,,,649348.65,,129.4,
,2024-10-03 00:00:00,,,,,,0,,,2,,,,0,,,3,,,5,,,15,,1.6,,,0,,,,428.79,,,0,,,,428.79,,85.76,,,,649777.44,,129.36,
,2024-10-04 00:00:00,,,,,,0,,,2,,,,0,,,3,,,5,,,15,,1.6,,,0,,,,478.79,,,0,,,,478.79,,95.76,,,,650256.23,,129.33,
,2024-10-05 00:00:00,,,,,,0,,,2,,,,0,,,3,,,5,,,15,,1.6,,,0,,,,498.79,,,0,,,,498.79,,99.76,,,,650755.02,,129.3,
,2024-10-06 00:00:00,,,,,,0,,,1,,,,0,,,3,,,4,,,15,,1.3,,,0,,,,209.79,,,0,,,,209.79,,52.45,,,,650964.81,,129.24,
,2024-10-07 00:00:00,,,,,,0,,,2,,,,0,,,3,,,5,,,15,,1.6,,,0,,,,392.99,,,0,,,,392.99,,78.6,,,,651357.8,,129.19,
,,,,,,Forecast Summary Report - All Guest/Segment Types,,,,,,,,,,,,,,,,,,,,,,,,,,,,,,,,,,,,,,,,,,
,The Stamford Hotel,,,,,,,,,,,,,,,,,,,,,,,,,,,,,,,,,,,,,,,,,,,,,,Page:  4 of 9,
,System Date:  06/07/2024,,,,,,,,,,,,,,,,,,,,,,05/28/2024 Through 06/07/2025,,,,,,,,,,,,,,,,,,,,,,,,,Generated on:  06/07/2024 05:13 AM
,,,,,,,,,,,,,,,,,,,,,,,,,,,,,,,,,,,,,,,,,,,,,,,,
,,,|------------------------------------------Rooms------------------------------------------|,,,,,,,,,,,,,,,,,,,,,,,,,|----------------------------------------------Revenues---------------------------------------------|,,,,,,,,,,,,,,,,|---------Date Range Totals---------|,,,,
,Date,,,,,,Whls,,,Trans,,,,Group,,,Comps,,,Occupied,,,Off Mk,,Occ%,,,Wholesale,,,,Individual,,,Group,,,,Total,,Avg.Rate (Sold),,,,Revenue,,Average Rate,
,2024-10-08 00:00:00,,,,,,0,,,2,,,,0,,,3,,,5,,,15,,1.6,,,0,,,,446.34,,,0,,,,446.34,,89.27,,,,651804.14,,129.15,
,2024-10-09 00:00:00,,,,,,0,,,1,,,,0,,,3,,,4,,,15,,1.3,,,0,,,,209.79,,,0,,,,209.79,,52.45,,,,652013.93,,129.09,
,2024-10-10 00:00:00,,,,,,0,,,6,,,,58,,,5,,,69,,,15,,21.8,,,0,,,,1451.89,,,13002,,,,14453.89,,209.48,,,,666467.82,,130.17,
,2024-10-11 00:00:00,,,,,,0,,,22,,,,89,,,5,,,116,,,15,,36.6,,,0,,,,4594.27,,,18901,,,,23495.27,,202.55,,,,689963.09,,131.77,
,2024-10-12 00:00:00,,,,,,0,,,4,,,,36,,,3,,,43,,,15,,13.6,,,0,,,,982.99,,,6574,,,,7556.99,,175.74,,,,697520.08,,132.13,
,2024-10-13 00:00:00,,,,,,0,,,3,,,,0,,,3,,,6,,,15,,1.9,,,0,,,,465.75,,,0,,,,465.75,,77.62,,,,697985.83,,132.07,
,2024-10-14 00:00:00,,,,,,0,,,1,,,,0,,,3,,,4,,,15,,1.3,,,0,,,,209.79,,,0,,,,209.79,,52.45,,,,698195.62,,132.01,
,2024-10-15 00:00:00,,,,,,0,,,1,,,,0,,,3,,,4,,,15,,1.3,,,0,,,,209.79,,,0,,,,209.79,,52.45,,,,698405.41,,131.95,
,2024-10-16 00:00:00,,,,,,0,,,2,,,,0,,,3,,,5,,,15,,1.6,,,0,,,,442.89,,,0,,,,442.89,,88.58,,,,698848.3,,131.91,
,2024-10-17 00:00:00,,,,,,0,,,4,,,,0,,,3,,,7,,,15,,2.2,,,0,,,,705.38,,,0,,,,705.38,,100.77,,,,699553.68,,131.87,
,2024-10-18 00:00:00,,,,,,0,,,7,,,,68,,,3,,,78,,,15,,24.6,,,0,,,,1403.31,,,13132,,,,14535.31,,186.35,,,,714088.99,,132.66,
,2024-10-19 00:00:00,,,,,,0,,,6,,,,20,,,3,,,29,,,15,,9.1,,,0,,,,1283.72,,,3580,,,,4863.72,,167.71,,,,718952.71,,132.84,
,2024-10-20 00:00:00,,,,,,0,,,2,,,,0,,,3,,,5,,,15,,1.6,,,0,,,,442.89,,,0,,,,442.89,,88.58,,,,719395.6,,132.8,
,2024-10-21 00:00:00,,,,,,0,,,1,,,,0,,,3,,,4,,,15,,1.3,,,0,,,,282.69,,,0,,,,282.69,,70.67,,,,719678.29,,132.76,
,2024-10-22 00:00:00,,,,,,0,,,0,,,,0,,,3,,,3,,,15,,0.9,,,0,,,,0,,,0,,,,0,,0,,,,719678.29,,132.68,
,2024-10-23 00:00:00,,,,,,0,,,4,,,,0,,,3,,,7,,,15,,2.2,,,0,,,,772.64,,,0,,,,772.64,,110.38,,,,720450.93,,132.66,
,2024-10-24 00:00:00,,,,,,0,,,2,,,,0,,,3,,,5,,,15,,1.6,,,0,,,,449.4,,,0,,,,449.4,,89.88,,,,720900.33,,132.62,
,2024-10-25 00:00:00,,,,,,0,,,2,,,,0,,,3,,,5,,,15,,1.6,,,0,,,,456.4,,,0,,,,456.4,,91.28,,,,721356.73,,132.58,
,2024-10-26 00:00:00,,,,,,0,,,2,,,,0,,,3,,,5,,,15,,1.6,,,0,,,,552.1,,,0,,,,552.1,,110.42,,,,721908.83,,132.56,
,2024-10-27 00:00:00,,,,,,0,,,2,,,,0,,,3,,,5,,,15,,1.6,,,0,,,,435.4,,,0,,,,435.4,,87.08,,,,722344.23,,132.52,
,2024-10-28 00:00:00,,,,,,0,,,2,,,,0,,,3,,,5,,,15,,1.6,,,0,,,,338.93,,,0,,,,338.93,,67.79,,,,722683.16,,132.46,
,2024-10-29 00:00:00,,,,,,0,,,1,,,,0,,,3,,,4,,,15,,1.3,,,0,,,,122.63,,,0,,,,122.63,,30.66,,,,722805.79,,132.38,
,2024-10-30 00:00:00,,,,,,0,,,1,,,,0,,,3,,,4,,,15,,1.3,,,0,,,,122.63,,,0,,,,122.63,,30.66,,,,722928.42,,132.31,
,2024-10-31 00:00:00,,,,,,0,,,3,,,,0,,,3,,,6,,,14,,1.9,,,0,,,,504.97,,,0,,,,504.97,,84.16,,,,723433.39,,132.25,
,,"Oct, 2024",,,,,0,,,94,,,,271,,,97,,,462,,,464,,4.7,,,,0.0,,,"19,681.72",,,"55,189.00",,,,"74,870.72",,162.06,,,,"723,433.39",,132.25,
,2024-11-01 00:00:00,,,,,,0,,,4,,,,0,,,3,,,7,,,14,,2.2,,,0,,,,835.9,,,0,,,,835.9,,119.41,,,,724269.29,,132.24,
,2024-11-02 00:00:00,,,,,,0,,,7,,,,0,,,3,,,10,,,14,,3.2,,,0,,,,1392.32,,,0,,,,1392.32,,139.23,,,,725661.61,,132.25,
,2024-11-03 00:00:00,,,,,,0,,,0,,,,0,,,3,,,3,,,14,,0.9,,,0,,,,0,,,0,,,,0,,0,,,,725661.61,,132.18,
,2024-11-04 00:00:00,,,,,,0,,,0,,,,0,,,3,,,3,,,14,,0.9,,,0,,,,0,,,0,,,,0,,0,,,,725661.61,,132.11,
,2024-11-05 00:00:00,,,,,,0,,,0,,,,0,,,3,,,3,,,14,,0.9,,,0,,,,0,,,0,,,,0,,0,,,,725661.61,,132.03,
,2024-11-06 00:00:00,,,,,,0,,,0,,,,0,,,3,,,3,,,14,,0.9,,,0,,,,0,,,0,,,,0,,0,,,,725661.61,,131.96,
,2024-11-07 00:00:00,,,,,,0,,,0,,,,0,,,3,,,3,,,14,,0.9,,,0,,,,0,,,0,,,,0,,0,,,,725661.61,,131.89,
,2024-11-08 00:00:00,,,,,,0,,,0,,,,0,,,3,,,3,,,14,,0.9,,,0,,,,0,,,0,,,,0,,0,,,,725661.61,,131.82,
,2024-11-09 00:00:00,,,,,,0,,,0,,,,0,,,3,,,3,,,14,,0.9,,,0,,,,0,,,0,,,,0,,0,,,,725661.61,,131.75,
,2024-11-10 00:00:00,,,,,,0,,,0,,,,0,,,3,,,3,,,14,,0.9,,,0,,,,0,,,0,,,,0,,0,,,,725661.61,,131.68,
,2024-11-11 00:00:00,,,,,,0,,,0,,,,0,,,3,,,3,,,14,,0.9,,,0,,,,0,,,0,,,,0,,0,,,,725661.61,,131.6,
,2024-11-12 00:00:00,,,,,,0,,,0,,,,0,,,3,,,3,,,14,,0.9,,,0,,,,0,,,0,,,,0,,0,,,,725661.61,,131.53,
,2024-11-13 00:00:00,,,,,,0,,,0,,,,0,,,3,,,3,,,14,,0.9,,,0,,,,0,,,0,,,,0,,0,,,,725661.61,,131.46,
,2024-11-14 00:00:00,,,,,,0,,,0,,,,0,,,3,,,3,,,14,,0.9,,,0,,,,0,,,0,,,,0,,0,,,,725661.61,,131.39,
,2024-11-15 00:00:00,,,,,,0,,,1,,,,0,,,3,,,4,,,14,,1.3,,,0,,,,314.1,,,0,,,,314.1,,78.53,,,,725975.71,,131.35,
,2024-11-16 00:00:00,,,,,,0,,,1,,,,0,,,3,,,4,,,14,,1.3,,,0,,,,314.1,,,0,,,,314.1,,78.53,,,,726289.81,,131.31,
,2024-11-17 00:00:00,,,,,,0,,,0,,,,0,,,3,,,3,,,14,,0.9,,,0,,,,0,,,0,,,,0,,0,,,,726289.81,,131.24,
,2024-11-18 00:00:00,,,,,,0,,,0,,,,0,,,3,,,3,,,14,,0.9,,,0,,,,0,,,0,,,,0,,0,,,,726289.81,,131.17,
,2024-11-19 00:00:00,,,,,,0,,,0,,,,0,,,3,,,3,,,14,,0.9,,,0,,,,0,,,0,,,,0,,0,,,,726289.81,,131.1,
,2024-11-20 00:00:00,,,,,,0,,,0,,,,0,,,3,,,3,,,14,,0.9,,,0,,,,0,,,0,,,,0,,0,,,,726289.81,,131.03,
,2024-11-21 00:00:00,,,,,,0,,,0,,,,0,,,3,,,3,,,14,,0.9,,,0,,,,0,,,0,,,,0,,0,,,,726289.81,,130.96,
,,,,,,Forecast Summary Report - All Guest/Segment Types,,,,,,,,,,,,,,,,,,,,,,,,,,,,,,,,,,,,,,,,,,
,The Stamford Hotel,,,,,,,,,,,,,,,,,,,,,,,,,,,,,,,,,,,,,,,,,,,,,,Page:  5 of 9,
,System Date:  06/07/2024,,,,,,,,,,,,,,,,,,,,,,05/28/2024 Through 06/07/2025,,,,,,,,,,,,,,,,,,,,,,,,,Generated on:  06/07/2024 05:13 AM
,,,,,,,,,,,,,,,,,,,,,,,,,,,,,,,,,,,,,,,,,,,,,,,,
,,,|------------------------------------------Rooms------------------------------------------|,,,,,,,,,,,,,,,,,,,,,,,,,|----------------------------------------------Revenues---------------------------------------------|,,,,,,,,,,,,,,,,|---------Date Range Totals---------|,,,,
,Date,,,,,,Whls,,,Trans,,,,Group,,,Comps,,,Occupied,,,Off Mk,,Occ%,,,Wholesale,,,,Individual,,,Group,,,,Total,,Avg.Rate (Sold),,,,Revenue,,Average Rate,
,2024-11-22 00:00:00,,,,,,0,,,0,,,,0,,,3,,,3,,,14,,0.9,,,0,,,,0,,,0,,,,0,,0,,,,726289.81,,130.89,
,2024-11-23 00:00:00,,,,,,0,,,0,,,,0,,,3,,,3,,,14,,0.9,,,0,,,,0,,,0,,,,0,,0,,,,726289.81,,130.82,
,2024-11-24 00:00:00,,,,,,0,,,0,,,,0,,,3,,,3,,,14,,0.9,,,0,,,,0,,,0,,,,0,,0,,,,726289.81,,130.75,
,2024-11-25 00:00:00,,,,,,0,,,0,,,,0,,,3,,,3,,,14,,0.9,,,0,,,,0,,,0,,,,0,,0,,,,726289.81,,130.67,
,2024-11-26 00:00:00,,,,,,0,,,0,,,,0,,,3,,,3,,,14,,0.9,,,0,,,,0,,,0,,,,0,,0,,,,726289.81,,130.6,
,2024-11-27 00:00:00,,,,,,0,,,0,,,,0,,,3,,,3,,,14,,0.9,,,0,,,,0,,,0,,,,0,,0,,,,726289.81,,130.53,
,2024-11-28 00:00:00,,,,,,0,,,0,,,,0,,,3,,,3,,,14,,0.9,,,0,,,,0,,,0,,,,0,,0,,,,726289.81,,130.46,
,2024-11-29 00:00:00,,,,,,0,,,1,,,,0,,,3,,,4,,,14,,1.3,,,0,,,,191.14,,,0,,,,191.14,,47.78,,,,726480.95,,130.4,
,2024-11-30 00:00:00,,,,,,0,,,0,,,,0,,,3,,,3,,,14,,0.9,,,0,,,,0,,,0,,,,0,,0,,,,726480.95,,130.33,
,,"Nov, 2024",,,,,0,,,14,,,,0,,,90,,,104,,,420,,1.1,,,,0.0,,,"3,047.56",,,0.00,,,,"3,047.56",,29.30,,,,"726,480.95",,130.33,
,2024-12-01 00:00:00,,,,,,0,,,0,,,,0,,,3,,,3,,,14,,0.9,,,0,,,,0,,,0,,,,0,,0,,,,726480.95,,130.26,
,2024-12-02 00:00:00,,,,,,0,,,0,,,,0,,,3,,,3,,,12,,0.9,,,0,,,,0,,,0,,,,0,,0,,,,726480.95,,130.19,
,2024-12-03 00:00:00,,,,,,0,,,0,,,,0,,,3,,,3,,,12,,0.9,,,0,,,,0,,,0,,,,0,,0,,,,726480.95,,130.12,
,2024-12-04 00:00:00,,,,,,0,,,0,,,,0,,,3,,,3,,,12,,0.9,,,0,,,,0,,,0,,,,0,,0,,,,726480.95,,130.05,
,2024-12-05 00:00:00,,,,,,0,,,0,,,,0,,,3,,,3,,,12,,0.9,,,0,,,,0,,,0,,,,0,,0,,,,726480.95,,129.98,
,2024-12-06 00:00:00,,,,,,0,,,0,,,,0,,,3,,,3,,,12,,0.9,,,0,,,,0,,,0,,,,0,,0,,,,726480.95,,129.91,
,2024-12-07 00:00:00,,,,,,0,,,0,,,,0,,,3,,,3,,,12,,0.9,,,0,,,,0,,,0,,,,0,,0,,,,726480.95,,129.84,
,2024-12-08 00:00:00,,,,,,0,,,0,,,,0,,,3,,,3,,,12,,0.9,,,0,,,,0,,,0,,,,0,,0,,,,726480.95,,129.78,
,2024-12-09 00:00:00,,,,,,0,,,0,,,,0,,,3,,,3,,,12,,0.9,,,0,,,,0,,,0,,,,0,,0,,,,726480.95,,129.71,
,2024-12-10 00:00:00,,,,,,0,,,0,,,,0,,,3,,,3,,,12,,0.9,,,0,,,,0,,,0,,,,0,,0,,,,726480.95,,129.64,
,2024-12-11 00:00:00,,,,,,0,,,0,,,,0,,,3,,,3,,,12,,0.9,,,0,,,,0,,,0,,,,0,,0,,,,726480.95,,129.57,
,2024-12-12 00:00:00,,,,,,0,,,0,,,,0,,,3,,,3,,,12,,0.9,,,0,,,,0,,,0,,,,0,,0,,,,726480.95,,129.5,
,2024-12-13 00:00:00,,,,,,0,,,1,,,,0,,,3,,,4,,,12,,1.3,,,0,,,,116.24,,,0,,,,116.24,,29.06,,,,726597.19,,129.43,
,2024-12-14 00:00:00,,,,,,0,,,0,,,,0,,,3,,,3,,,12,,0.9,,,0,,,,0,,,0,,,,0,,0,,,,726597.19,,129.36,
,2024-12-15 00:00:00,,,,,,0,,,0,,,,0,,,3,,,3,,,12,,0.9,,,0,,,,0,,,0,,,,0,,0,,,,726597.19,,129.29,
,2024-12-16 00:00:00,,,,,,0,,,0,,,,0,,,3,,,3,,,12,,0.9,,,0,,,,0,,,0,,,,0,,0,,,,726597.19,,129.22,
,2024-12-17 00:00:00,,,,,,0,,,0,,,,0,,,3,,,3,,,12,,0.9,,,0,,,,0,,,0,,,,0,,0,,,,726597.19,,129.15,
,2024-12-18 00:00:00,,,,,,0,,,0,,,,0,,,3,,,3,,,12,,0.9,,,0,,,,0,,,0,,,,0,,0,,,,726597.19,,129.08,
,2024-12-19 00:00:00,,,,,,0,,,0,,,,0,,,3,,,3,,,12,,0.9,,,0,,,,0,,,0,,,,0,,0,,,,726597.19,,129.01,
,2024-12-20 00:00:00,,,,,,0,,,0,,,,0,,,3,,,3,,,12,,0.9,,,0,,,,0,,,0,,,,0,,0,,,,726597.19,,128.94,
,2024-12-21 00:00:00,,,,,,0,,,0,,,,0,,,3,,,3,,,12,,0.9,,,0,,,,0,,,0,,,,0,,0,,,,726597.19,,128.87,
,2024-12-22 00:00:00,,,,,,0,,,0,,,,0,,,3,,,3,,,12,,0.9,,,0,,,,0,,,0,,,,0,,0,,,,726597.19,,128.81,
,2024-12-23 00:00:00,,,,,,0,,,0,,,,0,,,3,,,3,,,12,,0.9,,,0,,,,0,,,0,,,,0,,0,,,,726597.19,,128.74,
,2024-12-24 00:00:00,,,,,,0,,,4,,,,0,,,3,,,7,,,12,,2.2,,,0,,,,1050,,,0,,,,1050,,150,,,,727647.19,,128.76,
,2024-12-25 00:00:00,,,,,,0,,,4,,,,0,,,3,,,7,,,12,,2.2,,,0,,,,1050,,,0,,,,1050,,150,,,,728697.19,,128.79,
,2024-12-26 00:00:00,,,,,,0,,,0,,,,0,,,3,,,3,,,12,,0.9,,,0,,,,0,,,0,,,,0,,0,,,,728697.19,,128.72,
,2024-12-27 00:00:00,,,,,,0,,,3,,,,17,,,3,,,23,,,12,,7.3,,,0,,,,528.54,,,2533,,,,3061.54,,133.11,,,,731758.73,,128.74,
,2024-12-28 00:00:00,,,,,,0,,,3,,,,42,,,3,,,48,,,12,,15.1,,,0,,,,644.99,,,6258,,,,6902.99,,143.81,,,,738661.72,,128.87,
,2024-12-29 00:00:00,,,,,,0,,,1,,,,0,,,3,,,4,,,12,,1.3,,,0,,,,251.68,,,0,,,,251.68,,62.92,,,,738913.4,,128.82,
,2024-12-30 00:00:00,,,,,,0,,,1,,,,0,,,1,,,2,,,13,,0.6,,,0,,,,251.68,,,0,,,,251.68,,125.84,,,,739165.08,,128.82,
,2024-12-31 00:00:00,,,,,,0,,,1,,,,0,,,0,,,1,,,12,,0.3,,,0,,,,305.24,,,0,,,,305.24,,305.24,,,,739470.32,,128.85,
,,"Dec, 2024",,,,,0,,,18,,,,59,,,88,,,165,,,375,,1.7,,,,0.0,,,"4,198.37",,,"8,791.00",,,,"12,989.37",,78.72,,,,"739,470.32",,128.85,
,2025-01-01 00:00:00,,,,,,0,,,0,,,,0,,,0,,,0,,,6,,0,,,0,,,,0,,,0,,,,0,,0,,,,739470.32,,128.85,
,2025-01-02 00:00:00,,,,,,0,,,0,,,,0,,,0,,,0,,,6,,0,,,0,,,,0,,,0,,,,0,,0,,,,739470.32,,128.85,
,2025-01-03 00:00:00,,,,,,0,,,0,,,,0,,,0,,,0,,,6,,0,,,0,,,,0,,,0,,,,0,,0,,,,739470.32,,128.85,
,2025-01-04 00:00:00,,,,,,0,,,0,,,,0,,,0,,,0,,,6,,0,,,0,,,,0,,,0,,,,0,,0,,,,739470.32,,128.85,
,,,,,,Forecast Summary Report - All Guest/Segment Types,,,,,,,,,,,,,,,,,,,,,,,,,,,,,,,,,,,,,,,,,,
,The Stamford Hotel,,,,,,,,,,,,,,,,,,,,,,,,,,,,,,,,,,,,,,,,,,,,,,Page:  6 of 9,
,System Date:  06/07/2024,,,,,,,,,,,,,,,,,,,,,,05/28/2024 Through 06/07/2025,,,,,,,,,,,,,,,,,,,,,,,,,Generated on:  06/07/2024 05:13 AM
,,,,,,,,,,,,,,,,,,,,,,,,,,,,,,,,,,,,,,,,,,,,,,,,
,,,|------------------------------------------Rooms------------------------------------------|,,,,,,,,,,,,,,,,,,,,,,,,,|----------------------------------------------Revenues---------------------------------------------|,,,,,,,,,,,,,,,,|---------Date Range Totals---------|,,,,
,Date,,,,,,Whls,,,Trans,,,,Group,,,Comps,,,Occupied,,,Off Mk,,Occ%,,,Wholesale,,,,Individual,,,Group,,,,Total,,Avg.Rate (Sold),,,,Revenue,,Average Rate,
,2025-01-05 00:00:00,,,,,,0,,,0,,,,0,,,0,,,0,,,6,,0,,,0,,,,0,,,0,,,,0,,0,,,,739470.32,,128.85,
,2025-01-06 00:00:00,,,,,,0,,,0,,,,0,,,0,,,0,,,6,,0,,,0,,,,0,,,0,,,,0,,0,,,,739470.32,,128.85,
,2025-01-07 00:00:00,,,,,,0,,,0,,,,0,,,0,,,0,,,6,,0,,,0,,,,0,,,0,,,,0,,0,,,,739470.32,,128.85,
,2025-01-08 00:00:00,,,,,,0,,,0,,,,0,,,0,,,0,,,6,,0,,,0,,,,0,,,0,,,,0,,0,,,,739470.32,,128.85,
,2025-01-09 00:00:00,,,,,,0,,,0,,,,0,,,0,,,0,,,6,,0,,,0,,,,0,,,0,,,,0,,0,,,,739470.32,,128.85,
,2025-01-10 00:00:00,,,,,,0,,,0,,,,0,,,0,,,0,,,6,,0,,,0,,,,0,,,0,,,,0,,0,,,,739470.32,,128.85,
,2025-01-11 00:00:00,,,,,,0,,,0,,,,0,,,0,,,0,,,6,,0,,,0,,,,0,,,0,,,,0,,0,,,,739470.32,,128.85,
,2025-01-12 00:00:00,,,,,,0,,,0,,,,0,,,0,,,0,,,6,,0,,,0,,,,0,,,0,,,,0,,0,,,,739470.32,,128.85,
,2025-01-13 00:00:00,,,,,,0,,,0,,,,0,,,0,,,0,,,6,,0,,,0,,,,0,,,0,,,,0,,0,,,,739470.32,,128.85,
,2025-01-14 00:00:00,,,,,,0,,,0,,,,0,,,0,,,0,,,6,,0,,,0,,,,0,,,0,,,,0,,0,,,,739470.32,,128.85,
,2025-01-15 00:00:00,,,,,,0,,,0,,,,0,,,0,,,0,,,6,,0,,,0,,,,0,,,0,,,,0,,0,,,,739470.32,,128.85,
,2025-01-16 00:00:00,,,,,,0,,,0,,,,0,,,0,,,0,,,6,,0,,,0,,,,0,,,0,,,,0,,0,,,,739470.32,,128.85,
,2025-01-17 00:00:00,,,,,,0,,,0,,,,0,,,0,,,0,,,6,,0,,,0,,,,0,,,0,,,,0,,0,,,,739470.32,,128.85,
,2025-01-18 00:00:00,,,,,,0,,,0,,,,0,,,0,,,0,,,6,,0,,,0,,,,0,,,0,,,,0,,0,,,,739470.32,,128.85,
,2025-01-19 00:00:00,,,,,,0,,,0,,,,0,,,0,,,0,,,6,,0,,,0,,,,0,,,0,,,,0,,0,,,,739470.32,,128.85,
,2025-01-20 00:00:00,,,,,,0,,,0,,,,0,,,0,,,0,,,6,,0,,,0,,,,0,,,0,,,,0,,0,,,,739470.32,,128.85,
,2025-01-21 00:00:00,,,,,,0,,,0,,,,0,,,0,,,0,,,6,,0,,,0,,,,0,,,0,,,,0,,0,,,,739470.32,,128.85,
,2025-01-22 00:00:00,,,,,,0,,,0,,,,0,,,0,,,0,,,6,,0,,,0,,,,0,,,0,,,,0,,0,,,,739470.32,,128.85,
,2025-01-23 00:00:00,,,,,,0,,,0,,,,0,,,0,,,0,,,6,,0,,,0,,,,0,,,0,,,,0,,0,,,,739470.32,,128.85,
,2025-01-24 00:00:00,,,,,,0,,,0,,,,0,,,0,,,0,,,6,,0,,,0,,,,0,,,0,,,,0,,0,,,,739470.32,,128.85,
,2025-01-25 00:00:00,,,,,,0,,,0,,,,0,,,0,,,0,,,6,,0,,,0,,,,0,,,0,,,,0,,0,,,,739470.32,,128.85,
,2025-01-26 00:00:00,,,,,,0,,,0,,,,0,,,0,,,0,,,6,,0,,,0,,,,0,,,0,,,,0,,0,,,,739470.32,,128.85,
,2025-01-27 00:00:00,,,,,,0,,,0,,,,0,,,0,,,0,,,6,,0,,,0,,,,0,,,0,,,,0,,0,,,,739470.32,,128.85,
,2025-01-28 00:00:00,,,,,,0,,,0,,,,0,,,0,,,0,,,6,,0,,,0,,,,0,,,0,,,,0,,0,,,,739470.32,,128.85,
,2025-01-29 00:00:00,,,,,,0,,,0,,,,0,,,0,,,0,,,6,,0,,,0,,,,0,,,0,,,,0,,0,,,,739470.32,,128.85,
,2025-01-30 00:00:00,,,,,,0,,,0,,,,0,,,0,,,0,,,6,,0,,,0,,,,0,,,0,,,,0,,0,,,,739470.32,,128.85,
,2025-01-31 00:00:00,,,,,,0,,,0,,,,0,,,0,,,0,,,6,,0,,,0,,,,0,,,0,,,,0,,0,,,,739470.32,,128.85,
,,"Jan, 2025",,,,,0,,,0,,,,0,,,0,,,0,,,186,,0.0,,,,0.0,,,0.00,,,0.00,,,,0.00,,0.00,,,,"739,470.32",,128.85,
,2025-02-01 00:00:00,,,,,,0,,,0,,,,0,,,0,,,0,,,6,,0,,,0,,,,0,,,0,,,,0,,0,,,,739470.32,,128.85,
,2025-02-02 00:00:00,,,,,,0,,,0,,,,0,,,0,,,0,,,6,,0,,,0,,,,0,,,0,,,,0,,0,,,,739470.32,,128.85,
,2025-02-03 00:00:00,,,,,,0,,,0,,,,0,,,0,,,0,,,6,,0,,,0,,,,0,,,0,,,,0,,0,,,,739470.32,,128.85,
,2025-02-04 00:00:00,,,,,,0,,,0,,,,0,,,0,,,0,,,6,,0,,,0,,,,0,,,0,,,,0,,0,,,,739470.32,,128.85,
,2025-02-05 00:00:00,,,,,,0,,,0,,,,0,,,0,,,0,,,6,,0,,,0,,,,0,,,0,,,,0,,0,,,,739470.32,,128.85,
,2025-02-06 00:00:00,,,,,,0,,,0,,,,0,,,0,,,0,,,6,,0,,,0,,,,0,,,0,,,,0,,0,,,,739470.32,,128.85,
,2025-02-07 00:00:00,,,,,,0,,,0,,,,0,,,0,,,0,,,6,,0,,,0,,,,0,,,0,,,,0,,0,,,,739470.32,,128.85,
,2025-02-08 00:00:00,,,,,,0,,,0,,,,0,,,0,,,0,,,6,,0,,,0,,,,0,,,0,,,,0,,0,,,,739470.32,,128.85,
,2025-02-09 00:00:00,,,,,,0,,,0,,,,0,,,0,,,0,,,6,,0,,,0,,,,0,,,0,,,,0,,0,,,,739470.32,,128.85,
,2025-02-10 00:00:00,,,,,,0,,,0,,,,0,,,0,,,0,,,6,,0,,,0,,,,0,,,0,,,,0,,0,,,,739470.32,,128.85,
,2025-02-11 00:00:00,,,,,,0,,,0,,,,0,,,0,,,0,,,6,,0,,,0,,,,0,,,0,,,,0,,0,,,,739470.32,,128.85,
,2025-02-12 00:00:00,,,,,,0,,,0,,,,0,,,0,,,0,,,6,,0,,,0,,,,0,,,0,,,,0,,0,,,,739470.32,,128.85,
,2025-02-13 00:00:00,,,,,,0,,,0,,,,0,,,0,,,0,,,6,,0,,,0,,,,0,,,0,,,,0,,0,,,,739470.32,,128.85,
,2025-02-14 00:00:00,,,,,,0,,,0,,,,0,,,0,,,0,,,6,,0,,,0,,,,0,,,0,,,,0,,0,,,,739470.32,,128.85,
,2025-02-15 00:00:00,,,,,,0,,,0,,,,0,,,0,,,0,,,6,,0,,,0,,,,0,,,0,,,,0,,0,,,,739470.32,,128.85,
,2025-02-16 00:00:00,,,,,,0,,,0,,,,0,,,0,,,0,,,6,,0,,,0,,,,0,,,0,,,,0,,0,,,,739470.32,,128.85,
,2025-02-17 00:00:00,,,,,,0,,,0,,,,0,,,0,,,0,,,6,,0,,,0,,,,0,,,0,,,,0,,0,,,,739470.32,,128.85,
,2025-02-18 00:00:00,,,,,,0,,,0,,,,0,,,0,,,0,,,6,,0,,,0,,,,0,,,0,,,,0,,0,,,,739470.32,,128.85,
,,,,,,Forecast Summary Report - All Guest/Segment Types,,,,,,,,,,,,,,,,,,,,,,,,,,,,,,,,,,,,,,,,,,
,The Stamford Hotel,,,,,,,,,,,,,,,,,,,,,,,,,,,,,,,,,,,,,,,,,,,,,,Page:  7 of 9,
,System Date:  06/07/2024,,,,,,,,,,,,,,,,,,,,,,05/28/2024 Through 06/07/2025,,,,,,,,,,,,,,,,,,,,,,,,,Generated on:  06/07/2024 05:13 AM
,,,,,,,,,,,,,,,,,,,,,,,,,,,,,,,,,,,,,,,,,,,,,,,,
,,,|------------------------------------------Rooms------------------------------------------|,,,,,,,,,,,,,,,,,,,,,,,,,|----------------------------------------------Revenues---------------------------------------------|,,,,,,,,,,,,,,,,|---------Date Range Totals---------|,,,,
,Date,,,,,,Whls,,,Trans,,,,Group,,,Comps,,,Occupied,,,Off Mk,,Occ%,,,Wholesale,,,,Individual,,,Group,,,,Total,,Avg.Rate (Sold),,,,Revenue,,Average Rate,
,2025-02-19 00:00:00,,,,,,0,,,0,,,,0,,,0,,,0,,,6,,0,,,0,,,,0,,,0,,,,0,,0,,,,739470.32,,128.85,
,2025-02-20 00:00:00,,,,,,0,,,0,,,,0,,,0,,,0,,,6,,0,,,0,,,,0,,,0,,,,0,,0,,,,739470.32,,128.85,
,2025-02-21 00:00:00,,,,,,0,,,0,,,,0,,,0,,,0,,,6,,0,,,0,,,,0,,,0,,,,0,,0,,,,739470.32,,128.85,
,2025-02-22 00:00:00,,,,,,0,,,0,,,,0,,,0,,,0,,,6,,0,,,0,,,,0,,,0,,,,0,,0,,,,739470.32,,128.85,
,2025-02-23 00:00:00,,,,,,0,,,0,,,,0,,,0,,,0,,,6,,0,,,0,,,,0,,,0,,,,0,,0,,,,739470.32,,128.85,
,2025-02-24 00:00:00,,,,,,0,,,0,,,,0,,,0,,,0,,,6,,0,,,0,,,,0,,,0,,,,0,,0,,,,739470.32,,128.85,
,2025-02-25 00:00:00,,,,,,0,,,0,,,,0,,,0,,,0,,,6,,0,,,0,,,,0,,,0,,,,0,,0,,,,739470.32,,128.85,
,2025-02-26 00:00:00,,,,,,0,,,0,,,,0,,,0,,,0,,,6,,0,,,0,,,,0,,,0,,,,0,,0,,,,739470.32,,128.85,
,2025-02-27 00:00:00,,,,,,0,,,0,,,,0,,,0,,,0,,,6,,0,,,0,,,,0,,,0,,,,0,,0,,,,739470.32,,128.85,
,2025-02-28 00:00:00,,,,,,0,,,0,,,,0,,,0,,,0,,,6,,0,,,0,,,,0,,,0,,,,0,,0,,,,739470.32,,128.85,
,,"Feb, 2025",,,,,0,,,0,,,,0,,,0,,,0,,,168,,0.0,,,,0.0,,,0.00,,,0.00,,,,0.00,,0.00,,,,"739,470.32",,128.85,
,2025-03-01 00:00:00,,,,,,0,,,0,,,,0,,,0,,,0,,,6,,0,,,0,,,,0,,,0,,,,0,,0,,,,739470.32,,128.85,
,2025-03-02 00:00:00,,,,,,0,,,0,,,,0,,,0,,,0,,,6,,0,,,0,,,,0,,,0,,,,0,,0,,,,739470.32,,128.85,
,2025-03-03 00:00:00,,,,,,0,,,0,,,,0,,,0,,,0,,,6,,0,,,0,,,,0,,,0,,,,0,,0,,,,739470.32,,128.85,
,2025-03-04 00:00:00,,,,,,0,,,0,,,,0,,,0,,,0,,,6,,0,,,0,,,,0,,,0,,,,0,,0,,,,739470.32,,128.85,
,2025-03-05 00:00:00,,,,,,0,,,0,,,,0,,,0,,,0,,,6,,0,,,0,,,,0,,,0,,,,0,,0,,,,739470.32,,128.85,
,2025-03-06 00:00:00,,,,,,0,,,0,,,,0,,,0,,,0,,,6,,0,,,0,,,,0,,,0,,,,0,,0,,,,739470.32,,128.85,
,2025-03-07 00:00:00,,,,,,0,,,0,,,,0,,,0,,,0,,,6,,0,,,0,,,,0,,,0,,,,0,,0,,,,739470.32,,128.85,
,2025-03-08 00:00:00,,,,,,0,,,0,,,,0,,,0,,,0,,,6,,0,,,0,,,,0,,,0,,,,0,,0,,,,739470.32,,128.85,
,2025-03-09 00:00:00,,,,,,0,,,0,,,,0,,,0,,,0,,,6,,0,,,0,,,,0,,,0,,,,0,,0,,,,739470.32,,128.85,
,2025-03-10 00:00:00,,,,,,0,,,0,,,,0,,,0,,,0,,,6,,0,,,0,,,,0,,,0,,,,0,,0,,,,739470.32,,128.85,
,2025-03-11 00:00:00,,,,,,0,,,0,,,,0,,,0,,,0,,,6,,0,,,0,,,,0,,,0,,,,0,,0,,,,739470.32,,128.85,
,2025-03-12 00:00:00,,,,,,0,,,0,,,,0,,,0,,,0,,,6,,0,,,0,,,,0,,,0,,,,0,,0,,,,739470.32,,128.85,
,2025-03-13 00:00:00,,,,,,0,,,0,,,,0,,,0,,,0,,,6,,0,,,0,,,,0,,,0,,,,0,,0,,,,739470.32,,128.85,
,2025-03-14 00:00:00,,,,,,0,,,0,,,,0,,,0,,,0,,,6,,0,,,0,,,,0,,,0,,,,0,,0,,,,739470.32,,128.85,
,2025-03-15 00:00:00,,,,,,0,,,0,,,,0,,,0,,,0,,,6,,0,,,0,,,,0,,,0,,,,0,,0,,,,739470.32,,128.85,
,2025-03-16 00:00:00,,,,,,0,,,0,,,,0,,,0,,,0,,,6,,0,,,0,,,,0,,,0,,,,0,,0,,,,739470.32,,128.85,
,2025-03-17 00:00:00,,,,,,0,,,0,,,,0,,,0,,,0,,,6,,0,,,0,,,,0,,,0,,,,0,,0,,,,739470.32,,128.85,
,2025-03-18 00:00:00,,,,,,0,,,0,,,,0,,,0,,,0,,,6,,0,,,0,,,,0,,,0,,,,0,,0,,,,739470.32,,128.85,
,2025-03-19 00:00:00,,,,,,0,,,0,,,,0,,,0,,,0,,,6,,0,,,0,,,,0,,,0,,,,0,,0,,,,739470.32,,128.85,
,2025-03-20 00:00:00,,,,,,0,,,0,,,,0,,,0,,,0,,,6,,0,,,0,,,,0,,,0,,,,0,,0,,,,739470.32,,128.85,
,2025-03-21 00:00:00,,,,,,0,,,0,,,,0,,,0,,,0,,,6,,0,,,0,,,,0,,,0,,,,0,,0,,,,739470.32,,128.85,
,2025-03-22 00:00:00,,,,,,0,,,0,,,,0,,,0,,,0,,,6,,0,,,0,,,,0,,,0,,,,0,,0,,,,739470.32,,128.85,
,2025-03-23 00:00:00,,,,,,0,,,0,,,,0,,,0,,,0,,,6,,0,,,0,,,,0,,,0,,,,0,,0,,,,739470.32,,128.85,
,2025-03-24 00:00:00,,,,,,0,,,0,,,,0,,,0,,,0,,,6,,0,,,0,,,,0,,,0,,,,0,,0,,,,739470.32,,128.85,
,2025-03-25 00:00:00,,,,,,0,,,0,,,,0,,,0,,,0,,,6,,0,,,0,,,,0,,,0,,,,0,,0,,,,739470.32,,128.85,
,2025-03-26 00:00:00,,,,,,0,,,0,,,,0,,,0,,,0,,,6,,0,,,0,,,,0,,,0,,,,0,,0,,,,739470.32,,128.85,
,2025-03-27 00:00:00,,,,,,0,,,0,,,,0,,,0,,,0,,,6,,0,,,0,,,,0,,,0,,,,0,,0,,,,739470.32,,128.85,
,2025-03-28 00:00:00,,,,,,0,,,0,,,,0,,,0,,,0,,,6,,0,,,0,,,,0,,,0,,,,0,,0,,,,739470.32,,128.85,
,2025-03-29 00:00:00,,,,,,0,,,0,,,,0,,,0,,,0,,,6,,0,,,0,,,,0,,,0,,,,0,,0,,,,739470.32,,128.85,
,2025-03-30 00:00:00,,,,,,0,,,0,,,,0,,,0,,,0,,,6,,0,,,0,,,,0,,,0,,,,0,,0,,,,739470.32,,128.85,
,2025-03-31 00:00:00,,,,,,0,,,0,,,,0,,,0,,,0,,,6,,0,,,0,,,,0,,,0,,,,0,,0,,,,739470.32,,128.85,
,,"Mar, 2025",,,,,0,,,0,,,,0,,,0,,,0,,,186,,0.0,,,,0.0,,,0.00,,,0.00,,,,0.00,,0.00,,,,"739,470.32",,128.85,
,2025-04-01 00:00:00,,,,,,0,,,0,,,,0,,,0,,,0,,,6,,0,,,0,,,,0,,,0,,,,0,,0,,,,739470.32,,128.85,
,2025-04-02 00:00:00,,,,,,0,,,0,,,,0,,,0,,,0,,,6,,0,,,0,,,,0,,,0,,,,0,,0,,,,739470.32,,128.85,
,2025-04-03 00:00:00,,,,,,0,,,0,,,,0,,,0,,,0,,,6,,0,,,0,,,,0,,,0,,,,0,,0,,,,739470.32,,128.85,
,,,,,,Forecast Summary Report - All Guest/Segment Types,,,,,,,,,,,,,,,,,,,,,,,,,,,,,,,,,,,,,,,,,,
,The Stamford Hotel,,,,,,,,,,,,,,,,,,,,,,,,,,,,,,,,,,,,,,,,,,,,,,Page:  8 of 9,
,System Date:  06/07/2024,,,,,,,,,,,,,,,,,,,,,,05/28/2024 Through 06/07/2025,,,,,,,,,,,,,,,,,,,,,,,,,Generated on:  06/07/2024 05:13 AM
,,,,,,,,,,,,,,,,,,,,,,,,,,,,,,,,,,,,,,,,,,,,,,,,
,,,|------------------------------------------Rooms------------------------------------------|,,,,,,,,,,,,,,,,,,,,,,,,,|----------------------------------------------Revenues---------------------------------------------|,,,,,,,,,,,,,,,,|---------Date Range Totals---------|,,,,
,Date,,,,,,Whls,,,Trans,,,,Group,,,Comps,,,Occupied,,,Off Mk,,Occ%,,,Wholesale,,,,Individual,,,Group,,,,Total,,Avg.Rate (Sold),,,,Revenue,,Average Rate,
,2025-04-04 00:00:00,,,,,,0,,,0,,,,0,,,0,,,0,,,6,,0,,,0,,,,0,,,0,,,,0,,0,,,,739470.32,,128.85,
,2025-04-05 00:00:00,,,,,,0,,,0,,,,0,,,0,,,0,,,6,,0,,,0,,,,0,,,0,,,,0,,0,,,,739470.32,,128.85,
,2025-04-06 00:00:00,,,,,,0,,,0,,,,0,,,0,,,0,,,6,,0,,,0,,,,0,,,0,,,,0,,0,,,,739470.32,,128.85,
,2025-04-07 00:00:00,,,,,,0,,,0,,,,0,,,0,,,0,,,6,,0,,,0,,,,0,,,0,,,,0,,0,,,,739470.32,,128.85,
,2025-04-08 00:00:00,,,,,,0,,,0,,,,0,,,0,,,0,,,6,,0,,,0,,,,0,,,0,,,,0,,0,,,,739470.32,,128.85,
,2025-04-09 00:00:00,,,,,,0,,,0,,,,0,,,0,,,0,,,6,,0,,,0,,,,0,,,0,,,,0,,0,,,,739470.32,,128.85,
,2025-04-10 00:00:00,,,,,,0,,,0,,,,0,,,0,,,0,,,6,,0,,,0,,,,0,,,0,,,,0,,0,,,,739470.32,,128.85,
,2025-04-11 00:00:00,,,,,,0,,,0,,,,0,,,0,,,0,,,6,,0,,,0,,,,0,,,0,,,,0,,0,,,,739470.32,,128.85,
,2025-04-12 00:00:00,,,,,,0,,,0,,,,0,,,0,,,0,,,6,,0,,,0,,,,0,,,0,,,,0,,0,,,,739470.32,,128.85,
,2025-04-13 00:00:00,,,,,,0,,,0,,,,0,,,0,,,0,,,6,,0,,,0,,,,0,,,0,,,,0,,0,,,,739470.32,,128.85,
,2025-04-14 00:00:00,,,,,,0,,,0,,,,0,,,0,,,0,,,6,,0,,,0,,,,0,,,0,,,,0,,0,,,,739470.32,,128.85,
,2025-04-15 00:00:00,,,,,,0,,,0,,,,0,,,0,,,0,,,6,,0,,,0,,,,0,,,0,,,,0,,0,,,,739470.32,,128.85,
,2025-04-16 00:00:00,,,,,,0,,,0,,,,0,,,0,,,0,,,6,,0,,,0,,,,0,,,0,,,,0,,0,,,,739470.32,,128.85,
,2025-04-17 00:00:00,,,,,,0,,,0,,,,0,,,0,,,0,,,6,,0,,,0,,,,0,,,0,,,,0,,0,,,,739470.32,,128.85,
,2025-04-18 00:00:00,,,,,,0,,,0,,,,0,,,0,,,0,,,6,,0,,,0,,,,0,,,0,,,,0,,0,,,,739470.32,,128.85,
,2025-04-19 00:00:00,,,,,,0,,,0,,,,0,,,0,,,0,,,6,,0,,,0,,,,0,,,0,,,,0,,0,,,,739470.32,,128.85,
,2025-04-20 00:00:00,,,,,,0,,,0,,,,0,,,0,,,0,,,6,,0,,,0,,,,0,,,0,,,,0,,0,,,,739470.32,,128.85,
,2025-04-21 00:00:00,,,,,,0,,,0,,,,0,,,0,,,0,,,6,,0,,,0,,,,0,,,0,,,,0,,0,,,,739470.32,,128.85,
,2025-04-22 00:00:00,,,,,,0,,,0,,,,0,,,0,,,0,,,6,,0,,,0,,,,0,,,0,,,,0,,0,,,,739470.32,,128.85,
,2025-04-23 00:00:00,,,,,,0,,,0,,,,0,,,0,,,0,,,6,,0,,,0,,,,0,,,0,,,,0,,0,,,,739470.32,,128.85,
,2025-04-24 00:00:00,,,,,,0,,,0,,,,0,,,0,,,0,,,6,,0,,,0,,,,0,,,0,,,,0,,0,,,,739470.32,,128.85,
,2025-04-25 00:00:00,,,,,,0,,,0,,,,0,,,0,,,0,,,6,,0,,,0,,,,0,,,0,,,,0,,0,,,,739470.32,,128.85,
,2025-04-26 00:00:00,,,,,,0,,,0,,,,0,,,0,,,0,,,6,,0,,,0,,,,0,,,0,,,,0,,0,,,,739470.32,,128.85,
,2025-04-27 00:00:00,,,,,,0,,,0,,,,0,,,0,,,0,,,6,,0,,,0,,,,0,,,0,,,,0,,0,,,,739470.32,,128.85,
,2025-04-28 00:00:00,,,,,,0,,,0,,,,0,,,0,,,0,,,6,,0,,,0,,,,0,,,0,,,,0,,0,,,,739470.32,,128.85,
,2025-04-29 00:00:00,,,,,,0,,,0,,,,0,,,0,,,0,,,6,,0,,,0,,,,0,,,0,,,,0,,0,,,,739470.32,,128.85,
,2025-04-30 00:00:00,,,,,,0,,,0,,,,0,,,0,,,0,,,6,,0,,,0,,,,0,,,0,,,,0,,0,,,,739470.32,,128.85,
,,"Apr, 2025",,,,,0,,,0,,,,0,,,0,,,0,,,180,,0.0,,,,0.0,,,0.00,,,0.00,,,,0.00,,0.00,,,,"739,470.32",,128.85,
,2025-05-01 00:00:00,,,,,,0,,,0,,,,0,,,0,,,0,,,6,,0,,,0,,,,0,,,0,,,,0,,0,,,,739470.32,,128.85,
,2025-05-02 00:00:00,,,,,,0,,,0,,,,0,,,0,,,0,,,6,,0,,,0,,,,0,,,0,,,,0,,0,,,,739470.32,,128.85,
,2025-05-03 00:00:00,,,,,,0,,,0,,,,0,,,0,,,0,,,6,,0,,,0,,,,0,,,0,,,,0,,0,,,,739470.32,,128.85,
,2025-05-04 00:00:00,,,,,,0,,,0,,,,0,,,0,,,0,,,6,,0,,,0,,,,0,,,0,,,,0,,0,,,,739470.32,,128.85,
,2025-05-05 00:00:00,,,,,,0,,,0,,,,0,,,0,,,0,,,6,,0,,,0,,,,0,,,0,,,,0,,0,,,,739470.32,,128.85,
,2025-05-06 00:00:00,,,,,,0,,,0,,,,0,,,0,,,0,,,6,,0,,,0,,,,0,,,0,,,,0,,0,,,,739470.32,,128.85,
,2025-05-07 00:00:00,,,,,,0,,,0,,,,0,,,0,,,0,,,6,,0,,,0,,,,0,,,0,,,,0,,0,,,,739470.32,,128.85,
,2025-05-08 00:00:00,,,,,,0,,,0,,,,0,,,0,,,0,,,6,,0,,,0,,,,0,,,0,,,,0,,0,,,,739470.32,,128.85,
,2025-05-09 00:00:00,,,,,,0,,,0,,,,0,,,0,,,0,,,6,,0,,,0,,,,0,,,0,,,,0,,0,,,,739470.32,,128.85,
,2025-05-10 00:00:00,,,,,,0,,,0,,,,0,,,0,,,0,,,6,,0,,,0,,,,0,,,0,,,,0,,0,,,,739470.32,,128.85,
,2025-05-11 00:00:00,,,,,,0,,,0,,,,0,,,0,,,0,,,6,,0,,,0,,,,0,,,0,,,,0,,0,,,,739470.32,,128.85,
,2025-05-12 00:00:00,,,,,,0,,,0,,,,0,,,0,,,0,,,6,,0,,,0,,,,0,,,0,,,,0,,0,,,,739470.32,,128.85,
,2025-05-13 00:00:00,,,,,,0,,,0,,,,0,,,0,,,0,,,6,,0,,,0,,,,0,,,0,,,,0,,0,,,,739470.32,,128.85,
,2025-05-14 00:00:00,,,,,,0,,,0,,,,0,,,0,,,0,,,6,,0,,,0,,,,0,,,0,,,,0,,0,,,,739470.32,,128.85,
,2025-05-15 00:00:00,,,,,,0,,,0,,,,0,,,0,,,0,,,6,,0,,,0,,,,0,,,0,,,,0,,0,,,,739470.32,,128.85,
,2025-05-16 00:00:00,,,,,,0,,,0,,,,0,,,0,,,0,,,6,,0,,,0,,,,0,,,0,,,,0,,0,,,,739470.32,,128.85,
,2025-05-17 00:00:00,,,,,,0,,,0,,,,0,,,0,,,0,,,6,,0,,,0,,,,0,,,0,,,,0,,0,,,,739470.32,,128.85,
,2025-05-18 00:00:00,,,,,,0,,,0,,,,0,,,0,,,0,,,6,,0,,,0,,,,0,,,0,,,,0,,0,,,,739470.32,,128.85,
,,,,,,Forecast Summary Report - All Guest/Segment Types,,,,,,,,,,,,,,,,,,,,,,,,,,,,,,,,,,,,,,,,,,
,The Stamford Hotel,,,,,,,,,,,,,,,,,,,,,,,,,,,,,,,,,,,,,,,,,,,,,,Page:  9 of 9,
,System Date:  06/07/2024,,,,,,,,,,,,,,,,,,,,,,05/28/2024 Through 06/07/2025,,,,,,,,,,,,,,,,,,,,,,,,,Generated on:  06/07/2024 05:13 AM
,,,,,,,,,,,,,,,,,,,,,,,,,,,,,,,,,,,,,,,,,,,,,,,,
,,,|------------------------------------------Rooms------------------------------------------|,,,,,,,,,,,,,,,,,,,,,,,,,|----------------------------------------------Revenues---------------------------------------------|,,,,,,,,,,,,,,,,|---------Date Range Totals---------|,,,,
,Date,,,,,,Whls,,,Trans,,,,Group,,,Comps,,,Occupied,,,Off Mk,,Occ%,,,Wholesale,,,,Individual,,,Group,,,,Total,,Avg.Rate (Sold),,,,Revenue,,Average Rate,
,2025-05-19 00:00:00,,,,,,0,,,0,,,,0,,,0,,,0,,,6,,0,,,0,,,,0,,,0,,,,0,,0,,,,739470.32,,128.85,
,2025-05-20 00:00:00,,,,,,0,,,0,,,,0,,,0,,,0,,,6,,0,,,0,,,,0,,,0,,,,0,,0,,,,739470.32,,128.85,
,2025-05-21 00:00:00,,,,,,0,,,0,,,,0,,,0,,,0,,,6,,0,,,0,,,,0,,,0,,,,0,,0,,,,739470.32,,128.85,
,2025-05-22 00:00:00,,,,,,0,,,0,,,,0,,,0,,,0,,,6,,0,,,0,,,,0,,,0,,,,0,,0,,,,739470.32,,128.85,
,2025-05-23 00:00:00,,,,,,0,,,0,,,,0,,,0,,,0,,,6,,0,,,0,,,,0,,,0,,,,0,,0,,,,739470.32,,128.85,
,2025-05-24 00:00:00,,,,,,0,,,0,,,,0,,,0,,,0,,,6,,0,,,0,,,,0,,,0,,,,0,,0,,,,739470.32,,128.85,
,2025-05-25 00:00:00,,,,,,0,,,0,,,,0,,,0,,,0,,,6,,0,,,0,,,,0,,,0,,,,0,,0,,,,739470.32,,128.85,
,2025-05-26 00:00:00,,,,,,0,,,0,,,,0,,,0,,,0,,,6,,0,,,0,,,,0,,,0,,,,0,,0,,,,739470.32,,128.85,
,2025-05-27 00:00:00,,,,,,0,,,0,,,,0,,,0,,,0,,,6,,0,,,0,,,,0,,,0,,,,0,,0,,,,739470.32,,128.85,
,2025-05-28 00:00:00,,,,,,0,,,0,,,,0,,,0,,,0,,,6,,0,,,0,,,,0,,,0,,,,0,,0,,,,739470.32,,128.85,
,2025-05-29 00:00:00,,,,,,0,,,0,,,,0,,,0,,,0,,,6,,0,,,0,,,,0,,,0,,,,0,,0,,,,739470.32,,128.85,
,2025-05-30 00:00:00,,,,,,0,,,0,,,,0,,,0,,,0,,,6,,0,,,0,,,,0,,,0,,,,0,,0,,,,739470.32,,128.85,
,2025-05-31 00:00:00,,,,,,0,,,0,,,,0,,,0,,,0,,,6,,0,,,0,,,,0,,,0,,,,0,,0,,,,739470.32,,128.85,
,,"May, 2025",,,,,0,,,0,,,,0,,,0,,,0,,,186,,0.0,,,,0.0,,,0.00,,,0.00,,,,0.00,,0.00,,,,"739,470.32",,128.85,
,2025-06-01 00:00:00,,,,,,0,,,0,,,,0,,,0,,,0,,,6,,0,,,0,,,,0,,,0,,,,0,,0,,,,739470.32,,128.85,
,2025-06-02 00:00:00,,,,,,0,,,0,,,,0,,,0,,,0,,,6,,0,,,0,,,,0,,,0,,,,0,,0,,,,739470.32,,128.85,
,2025-06-03 00:00:00,,,,,,0,,,0,,,,0,,,0,,,0,,,6,,0,,,0,,,,0,,,0,,,,0,,0,,,,739470.32,,128.85,
,2025-06-04 00:00:00,,,,,,0,,,0,,,,0,,,0,,,0,,,6,,0,,,0,,,,0,,,0,,,,0,,0,,,,739470.32,,128.85,
,2025-06-05 00:00:00,,,,,,0,,,0,,,,0,,,0,,,0,,,6,,0,,,0,,,,0,,,0,,,,0,,0,,,,739470.32,,128.85,
,2025-06-06 00:00:00,,,,,,0,,,0,,,,0,,,0,,,0,,,6,,0,,,0,,,,0,,,0,,,,0,,0,,,,739470.32,,128.85,
,2025-06-07 00:00:00,,,,,,0,,,0,,,,0,,,0,,,0,,,6,,0,,,0,,,,0,,,0,,,,0,,0,,,,739470.32,,128.85,
,,"Jun, 2025",,,,,0,,,0,,,,0,,,0,,,0,,,42,,0.0,,,,0.0,,,0.00,,,0.00,,,,0.00,,0.00,,,,"739,470.32",,128.85,
,,,,,,,,,,,,,,,,,,,,,,,,,,,,,,,,,,,,,,,,,,,,,,,,
,Totals:,,,,,,0,,,,2648.0,,,2265,,,826,,,5739,,,4973,,4.8,,,0.00,,,,"403,046.82",,,"336,423.50",,,,"739,470.32",,128.85,,,,"739,470.32",,128.85,
,,,,,,,,,,Recap:,,,,,,,,,,,,,,Total Rooms:,,,,,,,119516,,,,,,,,,,,,,,,,,
,,,,,,,,,,,,,,,,,,,,,,,,Total Rooms Available:,,,,,,,108804,,,,,,,,,,,,,,,,,
,,,,,,,,,,,,,,,,,,,,,,,,Total Rooms Occupied:,,,,,,,5739,,,,,,,,,,,,,,,,,
,,,,,,,,,,,,,,,,,,,,,,,,Occupancy %,,,,,,,4.8,,,,,,,,,,,,,,,,,
,,,,,,,,,,,,,,,,,,,,,,,,Total Revenue,,,,,,,"739,470.32",,,,,,,,,,,,,,,,,
,,,,,,,,,,,,,,,,,,,,,,,,PTD Average Rate,,,,,,,128.85,,,,,,,,,,,,,,,,,
,,,,,,,,,,,,,,,,,,,,,,,,,,,,,,,,,,,,,,,,,,,,,,,,
End of Report,,,,,,,,,,,,,,,,,,,,,,,,,,,,,,,,,,,,,,,,,,,,,,,,
